Page,Sequence,DefaultImage,RorV,Label,Diagram
,,6,urn:cite:bsb:muncg427img.MunCG427_img6,,
urn:cite:bsb:cg427.2r,7,urn:cite:bsb:muncg427img.MunCG427_img7,recto,"Bayerische Staatsbibliothek, Codex Graecus 427, folio 2, recto",
,,8,urn:cite:bsb:muncg427img.MunCG427_img8,,
,,9,urn:cite:bsb:muncg427img.MunCG427_img9,,
urn:cite:bsb:cg427.3r,10,urn:cite:bsb:muncg427img.MunCG427_img10,recto,"Bayerische Staatsbibliothek, Codex Graecus 427, folio 3, recto",
urn:cite:bsb:cg427.3v,11,urn:cite:bsb:muncg427img.MunCG427_img11,verso,"Bayerische Staatsbibliothek, Codex Graecus 427, folio 3, verso",
urn:cite:bsb:cg427.4r,12,urn:cite:bsb:muncg427img.MunCG427_img12,recto,"Bayerische Staatsbibliothek, Codex Graecus 427, folio 4, recto",
urn:cite:bsb:cg427.4v,13,urn:cite:bsb:muncg427img.MunCG427_img13,verso,"Bayerische Staatsbibliothek, Codex Graecus 427, folio 4, verso",
urn:cite:bsb:cg427.5r,14,urn:cite:bsb:muncg427img.MunCG427_img14,recto,"Bayerische Staatsbibliothek, Codex Graecus 427, folio 5, recto",
urn:cite:bsb:cg427.5v,15,urn:cite:bsb:muncg427img.MunCG427_img15,verso,"Bayerische Staatsbibliothek, Codex Graecus 427, folio 5, verso,"
urn:cite:bsb:cg427.6r,16,urn:cite:bsb:muncg427img.MunCG427_img16,recto,"Bayerische Staatsbibliothek, Codex Graecus 427, folio 6, recto,"
urn:cite:bsb:cg427.6v,17,urn:cite:bsb:muncg427img.MunCG427_img17,verso,"Bayerische Staatsbibliothek, Codex Graecus 427, folio 6, verso,"
urn:cite:bsb:cg427.7r,18,urn:cite:bsb:muncg427img.MunCG427_img18,recto,"Bayerische Staatsbibliothek, Codex Graecus 427, folio 7, recto,"
urn:cite:bsb:cg427.7v,19,urn:cite:bsb:muncg427img.MunCG427_img19,verso,"Bayerische Staatsbibliothek, Codex Graecus 427, folio 7, verso,"
urn:cite:bsb:cg427.8r,20,urn:cite:bsb:muncg427img.MunCG427_img20,recto,"Bayerische Staatsbibliothek, Codex Graecus 427, folio 8, recto,"
urn:cite:bsb:cg427.8v,21,urn:cite:bsb:muncg427img.MunCG427_img21,verso,"Bayerische Staatsbibliothek, Codex Graecus 427, folio 8, verso,"
urn:cite:bsb:cg427.9r,22,urn:cite:bsb:muncg427img.MunCG427_img22,recto,"Bayerische Staatsbibliothek, Codex Graecus 427, folio 9, recto,"
urn:cite:bsb:cg427.9v,23,urn:cite:bsb:muncg427img.MunCG427_img23,verso,"Bayerische Staatsbibliothek, Codex Graecus 427, folio 9, verso,"
,,urn:cite:bsb:muncg427img.MunCG427_img24,,,
,,urn:cite:bsb:muncg427img.MunCG427_img25,,,
urn:cite:bsb:cg427.10r,26,urn:cite:bsb:muncg427img.MunCG427_img26,Recto,"Bayerische Staatsbibliothek,Codex Graecus 427, folio 10,recto,"
urn:cite:bsb:cg427.10v,27,urn:cite:bsb:muncg427img.MunCG427_img27,verso,"Bayerische Staatsbibliothek,Codex Graecus 427, folio 10,verso,"
urn:cite:bsb:cg427.11r,28,urn:cite:bsb:muncg427img.MunCG427_img28,recto,"Bayerische Staatsbibliothek,Codex Graecus 427, folio 11,recto,"
urn:cite:bsb:cg427.11v,29,urn:cite:bsb:muncg427img.MunCG427_img29,verso,"Bayerische Staatsbibliothek,Codex Graecus 427, folio 11,verso,"
urn:cite:bsb:cg427.12r,30,urn:cite:bsb:muncg427img.MunCG427_img30,recto,"Bayerische Staatsbibliothek,Codex Graecus 427, folio 12,recto,"
urn:cite:bsb:cg427.12v,31,urn:cite:bsb:muncg427img.MunCG427_img31,verso,"Bayerische Staatsbibliothek,Codex Graecus 427, folio 12,verso,"
urn:cite:bsb:cg427.13r,32,urn:cite:bsb:muncg427img.MunCG427_img32,recto,"Bayerische Staatsbibliothek,Codex Graecus 427, folio 13,recto,"
urn:cite:bsb:cg427.13v,33,urn:cite:bsb:muncg427img.MunCG427_img33,verso,"Bayerische Staatsbibliothek,Codex Graecus 427, folio 13,verso,"
urn:cite:bsb:cg427.14r,34,urn:cite:bsb:muncg427img.MunCG427_img34,recto,"Bayerische Staatsbibliothek,Codex Graecus 427, folio 14,recto,"
urn:cite:bsb:cg427.14v,35,urn:cite:bsb:muncg427img.MunCG427_img35,verso,"Bayerische Staatsbibliothek,Codex Graecus 427, folio 14,verso,"
urn:cite:bsb:cg427.15r,36,urn:cite:bsb:muncg427img.MunCG427_img36,recto,"Bayerische Staatsbibliothek,Codex Graecus 427, folio 15,recto,"
urn:cite:bsb:cg427.15v,37,urn:cite:bsb:muncg427img.MunCG427_img37,verso,"Bayerische Staatsbibliothek,Codex Graecus 427, folio 15,verso,"
urn:cite:bsb:cg427.16r,38,urn:cite:bsb:muncg427img.MunCG427_img38,recto,"Bayerische Staatsbibliothek,Codex Graecus 427, folio 16,recto,"
urn:cite:bsb:cg427.16v,39,urn:cite:bsb:muncg427img.MunCG427_img39,verso,"Bayerische Staatsbibliothek,Codex Graecus 427, folio 16,verso,"
urn:cite:bsb:cg427.17r,40,urn:cite:bsb:muncg427img.MunCG427_img40,recto,"Bayerische Staatsbibliothek,Codex Graecus 427, folio 17,recto,"
urn:cite:bsb:cg427.17v,41,urn:cite:bsb:muncg427img.MunCG427_img41,verso,"Bayerische Staatsbibliothek,Codex Graecus 427, folio 17,verso,"
urn:cite:bsb:cg427.18r,42,urn:cite:bsb:muncg427img.MunCG427_img42,recto,"Bayerische Staatsbibliothek,Codex Graecus 427, folio 18,recto,"
,,urn:cite:bsb:muncg427img.MunCG427_img43,,,
,,urn:cite:bsb:muncg427img.MunCG427_img44,,,
,,urn:cite:bsb:muncg427img.MunCG427_img45,,,
,,urn:cite:bsb:muncg427img.MunCG427_img46,,,
,,urn:cite:bsb:muncg427img.MunCG427_img47,,,
urn:cite:bsb:cg427.21r,48,urn:cite:bsb:muncg427img.MunCG427_img48,recto,"Bayerische Staatsbibliothek,Codex Graecus 427, folio 21,recto,"
urn:cite:bsb:cg427.21v,49,urn:cite:bsb:muncg427img.MunCG427_img49,verso,"Bayerische Staatsbibliothek,Codex Graecus 427, folio 21,verso,"
urn:cite:bsb:cg427.22r,50,urn:cite:bsb:muncg427img.MunCG427_img50,recto,"Bayerische Staatsbibliothek,Codex Graecus 427, folio 22,recto,"
urn:cite:bsb:cg427.22v,51,urn:cite:bsb:muncg427img.MunCG427_img51,verso,"Bayerische Staatsbibliothek,Codex Graecus 427, folio 22,verso,"
urn:cite:bsb:cg427.23r,52,urn:cite:bsb:muncg427img.MunCG427_img52,recto,"Bayerische Staatsbibliothek,Codex Graecus 427, folio 23,recto,"
urn:cite:bsb:cg427.23v,53,urn:cite:bsb:muncg427img.MunCG427_img53,verso,"Bayerische Staatsbibliothek,Codex Graecus 427, folio 23,verso,"
urn:cite:bsb:cg427.24r,54,urn:cite:bsb:muncg427img.MunCG427_img54,recto,"Bayerische Staatsbibliothek,Codex Graecus 427, folio 24,recto,"
urn:cite:bsb:cg427.24v,55,urn:cite:bsb:muncg427img.MunCG427_img55,verso,"Bayerische Staatsbibliothek,Codex Graecus 427, folio 24,verso,"
urn:cite:bsb:cg427.25r,56,urn:cite:bsb:muncg427img.MunCG427_img56,recto,"Bayerische Staatsbibliothek,Codex Graecus 427, folio 25,recto,"
urn:cite:bsb:cg427.25v,57,urn:cite:bsb:muncg427img.MunCG427_img57,verso,"Bayerische Staatsbibliothek,Codex Graecus 427, folio 25,verso,"
urn:cite:bsb:cg427.26r,58,urn:cite:bsb:muncg427img.MunCG427_img58,recto,"Bayerische Staatsbibliothek,Codex Graecus 427, folio 26,recto,"
,,urn:cite:bsb:muncg427img.MunCG427_img59,,,
urn:cite:bsb:cg427.27r,60,urn:cite:bsb:muncg427img.MunCG427_img60,recto,"Bayerische Staatsbibliothek,Codex Graecus 427, folio 27,recto,"
urn:cite:bsb:cg427.27v,61,urn:cite:bsb:muncg427img.MunCG427_img61,verso,"Bayerische Staatsbibliothek,Codex Graecus 427, folio 27,verso,"
urn:cite:bsb:cg427.28r,62,urn:cite:bsb:muncg427img.MunCG427_img62,recto,"Bayerische Staatsbibliothek,Codex Graecus 427, folio 28,recto,"
urn:cite:bsb:cg427.28v,63,urn:cite:bsb:muncg427img.MunCG427_img63,verso,"Bayerische Staatsbibliothek,Codex Graecus 427, folio 28,verso,"
urn:cite:bsb:cg427.29r,64,urn:cite:bsb:muncg427img.MunCG427_img64,recto,"Bayerische Staatsbibliothek,Codex Graecus 427, folio 29,recto,"
urn:cite:bsb:cg427.29v,65,urn:cite:bsb:muncg427img.MunCG427_img65,verso,"Bayerische Staatsbibliothek,Codex Graecus 427, folio 29,verso,"
urn:cite:bsb:cg427.30r,66,urn:cite:bsb:muncg427img.MunCG427_img66,recto,"Bayerische Staatsbibliothek,Codex Graecus 427, folio 30,recto,"
urn:cite:bsb:cg427.30v,67,urn:cite:bsb:muncg427img.MunCG427_img67,verso,"Bayerische Staatsbibliothek,Codex Graecus 427, folio 30,verso,"
urn:cite:bsb:cg427.31r,68,urn:cite:bsb:muncg427img.MunCG427_img68,recto,"Bayerische Staatsbibliothek,Codex Graecus 427, folio 31,recto,"
urn:cite:bsb:cg427.31v,69,urn:cite:bsb:muncg427img.MunCG427_img69,verso,"Bayerische Staatsbibliothek,Codex Graecus 427, folio 31,verso,"
urn:cite:bsb:cg427.32r,70,urn:cite:bsb:muncg427img.MunCG427_img70,recto,"Bayerische Staatsbibliothek,Codex Graecus 427, folio 32,recto,"
urn:cite:bsb:cg427.32v,71,urn:cite:bsb:muncg427img.MunCG427_img71,verso,"Bayerische Staatsbibliothek,Codex Graecus 427, folio 32,verso,"
urn:cite:bsb:cg427.33r,72,urn:cite:bsb:muncg427img.MunCG427_img72,recto,"Bayerische Staatsbibliothek,Codex Graecus 427, folio 33,recto,"
urn:cite:bsb:cg427.33v,73,urn:cite:bsb:muncg427img.MunCG427_img73,verso,"Bayerische Staatsbibliothek,Codex Graecus 427, folio 33,verso,"
urn:cite:bsb:cg427.34r,74,urn:cite:bsb:muncg427img.MunCG427_img74,recto,"Bayerische Staatsbibliothek,Codex Graecus 427, folio 34,recto,"
urn:cite:bsb:cg427.34v,75,urn:cite:bsb:muncg427img.MunCG427_img75,verso,"Bayerische Staatsbibliothek,Codex Graecus 427, folio 34,verso,"
urn:cite:bsb:cg427.35r,76,urn:cite:bsb:muncg427img.MunCG427_img76,recto,"Bayerische Staatsbibliothek,Codex Graecus 427, folio 35,recto,"
urn:cite:bsb:cg427.35v,77,urn:cite:bsb:muncg427img.MunCG427_img77,verso,"Bayerische Staatsbibliothek,Codex Graecus 427, folio 35,verso,"
urn:cite:bsb:cg427.36r,78,urn:cite:bsb:muncg427img.MunCG427_img78,recto,"Bayerische Staatsbibliothek,Codex Graecus 427, folio 36,recto,"
urn:cite:bsb:cg427.36v,79,urn:cite:bsb:muncg427img.MunCG427_img79,verso,"Bayerische Staatsbibliothek,Codex Graecus 427, folio 36,verso,"
urn:cite:bsb:cg427.37r,80,urn:cite:bsb:muncg427img.MunCG427_img80,recto,"Bayerische Staatsbibliothek,Codex Graecus 427, folio 37,recto,"
urn:cite:bsb:cg427.37v,81,urn:cite:bsb:muncg427img.MunCG427_img81,verso,"Bayerische Staatsbibliothek,Codex Graecus 427, folio 37,verso,"
urn:cite:bsb:cg427.38r,82,urn:cite:bsb:muncg427img.MunCG427_img82,recto,"Bayerische Staatsbibliothek,Codex Graecus 427, folio 38,recto,"
urn:cite:bsb:cg427.38v,83,urn:cite:bsb:muncg427img.MunCG427_img83,verso,"Bayerische Staatsbibliothek,Codex Graecus 427, folio 38,verso,"
urn:cite:bsb:cg427.39r,84,urn:cite:bsb:muncg427img.MunCG427_img84,recto,"Bayerische Staatsbibliothek,Codex Graecus 427, folio 39,recto,"
urn:cite:bsb:cg427.39v,85,urn:cite:bsb:muncg427img.MunCG427_img85,verso,"Bayerische Staatsbibliothek,Codex Graecus 427, folio 39,verso,"
urn:cite:bsb:cg427.40r,86,urn:cite:bsb:muncg427img.MunCG427_img86,recto,"Bayerische Staatsbibliothek,Codex Graecus 427, folio 40,recto,"
urn:cite:bsb:cg427.40v,87,urn:cite:bsb:muncg427img.MunCG427_img87,verso,"Bayerische Staatsbibliothek,Codex Graecus 427, folio 40,verso,"
urn:cite:bsb:cg427.41r,88,urn:cite:bsb:muncg427img.MunCG427_img88,recto,"Bayerische Staatsbibliothek,Codex Graecus 427, folio 41,recto,"
urn:cite:bsb:cg427.41v,89,urn:cite:bsb:muncg427img.MunCG427_img89,verso,"Bayerische Staatsbibliothek,Codex Graecus 427, folio 41,verso,"
urn:cite:bsb:cg427.42r,90,urn:cite:bsb:muncg427img.MunCG427_img90,recto,"Bayerische Staatsbibliothek,Codex Graecus 427, folio 42,recto,"
urn:cite:bsb:cg427.42v,91,urn:cite:bsb:muncg427img.MunCG427_img91,verso,"Bayerische Staatsbibliothek,Codex Graecus 427, folio 42,verso,"
urn:cite:bsb:cg427.43r,92,urn:cite:bsb:muncg427img.MunCG427_img92,recto,"Bayerische Staatsbibliothek,Codex Graecus 427, folio 43,recto,"
urn:cite:bsb:cg427.43v,93,urn:cite:bsb:muncg427img.MunCG427_img93,verso,"Bayerische Staatsbibliothek,Codex Graecus 427, folio 43,verso,"
urn:cite:bsb:cg427.44r,94,urn:cite:bsb:muncg427img.MunCG427_img94,recto,"Bayerische Staatsbibliothek,Codex Graecus 427, folio 44,recto,"
urn:cite:bsb:cg427.44v,95,urn:cite:bsb:muncg427img.MunCG427_img95,verso,"Bayerische Staatsbibliothek,Codex Graecus 427, folio 44,verso,"
urn:cite:bsb:cg427.45r,96,urn:cite:bsb:muncg427img.MunCG427_img96,recto,"Bayerische Staatsbibliothek,Codex Graecus 427, folio 45,recto,"
urn:cite:bsb:cg427.45v,97,urn:cite:bsb:muncg427img.MunCG427_img97,verso,"Bayerische Staatsbibliothek,Codex Graecus 427, folio 45,verso,"
urn:cite:bsb:cg427.46r,98,urn:cite:bsb:muncg427img.MunCG427_img98,recto,"Bayerische Staatsbibliothek,Codex Graecus 427, folio 46,recto,"
urn:cite:bsb:cg427.46v,99,urn:cite:bsb:muncg427img.MunCG427_img99,verso,"Bayerische Staatsbibliothek,Codex Graecus 427, folio 46,verso,"
urn:cite:bsb:cg427.47r,100,urn:cite:bsb:muncg427img.MunCG427_img100,recto,"Bayerische Staatsbibliothek,Codex Graecus 427, folio 47,recto,"
urn:cite:bsb:cg427.47v,101,urn:cite:bsb:muncg427img.MunCG427_img101,verso,"Bayerische Staatsbibliothek,Codex Graecus 427, folio 47,verso,"
urn:cite:bsb:cg427.48r,102,urn:cite:bsb:muncg427img.MunCG427_img102,recto,"Bayerische Staatsbibliothek, Codex Graecus 427,folio 48,recto,"
urn:cite:bsb:cg427.48v,103,urn:cite:bsb:muncg427img.MunCG427_img103,verso,"Bayerische Staatsbibliothek, Codex Graecus 427,folio 48,verso,"
urn:cite:bsb:cg427.49r,104,urn:cite:bsb:muncg427img.MunCG427_img104,recto,"Bayerische Staatsbibliothek, Codex Graecus 427,folio 49,recto,"
urn:cite:bsb:cg427.49v,105,urn:cite:bsb:muncg427img.MunCG427_img105,verso,"Bayerische Staatsbibliothek, Codex Graecus 427,folio 49,verso,"
urn:cite:bsb:cg427.50r,106,urn:cite:bsb:muncg427img.MunCG427_img106,recto,"Bayerische Staatsbibliothek, Codex Graecus 427,folio 50,recto,"
urn:cite:bsb:cg427.50v,107,urn:cite:bsb:muncg427img.MunCG427_img107,verso,"Bayerische Staatsbibliothek, Codex Graecus 427,folio 50,verso,"
urn:cite:bsb:cg427.51r,108,urn:cite:bsb:muncg427img.MunCG427_img108,recto,"Bayerische Staatsbibliothek, Codex Graecus 427,folio 51,recto,"
urn:cite:bsb:cg427.51v,109,urn:cite:bsb:muncg427img.MunCG427_img109,verso,"Bayerische Staatsbibliothek, Codex Graecus 427,folio 51,verso,"
urn:cite:bsb:cg427.52r,110,urn:cite:bsb:muncg427img.MunCG427_img110,recto,"Bayerische Staatsbibliothek, Codex Graecus 427,folio 52,recto,"
urn:cite:bsb:cg427.52v,111,urn:cite:bsb:muncg427img.MunCG427_img111,verso,"Bayerische Staatsbibliothek, Codex Graecus 427,folio 52,verso,"
urn:cite:bsb:cg427.53r,112,urn:cite:bsb:muncg427img.MunCG427_img112,recto,"Bayerische Staatsbibliothek, Codex Graecus 427,folio 53,recto,"
urn:cite:bsb:cg427.53v,113,urn:cite:bsb:muncg427img.MunCG427_img113,verso,"Bayerische Staatsbibliothek, Codex Graecus 427,folio 53,verso,"
urn:cite:bsb:cg427.54r,114,urn:cite:bsb:muncg427img.MunCG427_img114,recto,"Bayerische Staatsbibliothek, Codex Graecus 427,folio 54,recto,"
urn:cite:bsb:cg427.54v,115,urn:cite:bsb:muncg427img.MunCG427_img115,verso,"Bayerische Staatsbibliothek, Codex Graecus 427,folio 54,verso,"
urn:cite:bsb:cg427.55r,116,urn:cite:bsb:muncg427img.MunCG427_img116,recto,"Bayerische Staatsbibliothek, Codex Graecus 427,folio 55,recto,"
urn:cite:bsb:cg427.55v,117,urn:cite:bsb:muncg427img.MunCG427_img117,verso,"Bayerische Staatsbibliothek, Codex Graecus 427,folio 55,verso,"
urn:cite:bsb:cg427.56r,118,urn:cite:bsb:muncg427img.MunCG427_img118,recto,"Bayerische Staatsbibliothek, Codex Graecus 427,folio 56,recto,"
,,urn:cite:bsb:muncg427img.MunCG427_img119,,,
,,urn:cite:bsb:muncg427img.MunCG427_img120,,,
,,urn:cite:bsb:muncg427img.MunCG427_img121,,,
urn:cite:bsb:cg427.58r,122,urn:cite:bsb:muncg427img.MunCG427_img122,recto,"Bayerische Staatsbibliothek, Codex Graecus 427,folio 58,recto,"
urn:cite:bsb:cg427.58v,123,urn:cite:bsb:muncg427img.MunCG427_img123,verso,"Bayerische Staatsbibliothek, Codex Graecus 427,folio 58,verso,"
urn:cite:bsb:cg427.59r,124,urn:cite:bsb:muncg427img.MunCG427_img124,recto,"Bayerische Staatsbibliothek, Codex Graecus 427,folio 59,recto,"
urn:cite:bsb:cg427.59v,125,urn:cite:bsb:muncg427img.MunCG427_img125,verso,"Bayerische Staatsbibliothek, Codex Graecus 427,folio 59,verso,"
urn:cite:bsb:cg427.60r,126,urn:cite:bsb:muncg427img.MunCG427_img126,recto,"Bayerische Staatsbibliothek, Codex Graecus 427,folio 60,recto,"
urn:cite:bsb:cg427.60v,127,urn:cite:bsb:muncg427img.MunCG427_img127,verso,"Bayerische Staatsbibliothek, Codex Graecus 427,folio 60,verso,"
urn:cite:bsb:cg427.61r,128,urn:cite:bsb:muncg427img.MunCG427_img128,recto,"Bayerische Staatsbibliothek, Codex Graecus 427,folio 61,recto,"
urn:cite:bsb:cg427.61v,129,urn:cite:bsb:muncg427img.MunCG427_img129,verso,"Bayerische Staatsbibliothek, Codex Graecus 427,folio 61,verso,"
urn:cite:bsb:cg427.62r,130,urn:cite:bsb:muncg427img.MunCG427_img130,recto,"Bayerische Staatsbibliothek, Codex Graecus 427,folio 62,recto,"
urn:cite:bsb:cg427.62v,131,urn:cite:bsb:muncg427img.MunCG427_img131,verso,"Bayerische Staatsbibliothek, Codex Graecus 427,folio 62,verso,"
urn:cite:bsb:cg427.63r,132,urn:cite:bsb:muncg427img.MunCG427_img132,recto,"Bayerische Staatsbibliothek, Codex Graecus 427,folio 63,recto,"
urn:cite:bsb:cg427.63v,133,urn:cite:bsb:muncg427img.MunCG427_img133,verso,"Bayerische Staatsbibliothek, Codex Graecus 427,folio 63,verso,"
urn:cite:bsb:cg427.64r,134,urn:cite:bsb:muncg427img.MunCG427_img134,recto,"Bayerische Staatsbibliothek, Codex Graecus 427,folio 64,recto,"
urn:cite:bsb:cg427.64v,135,urn:cite:bsb:muncg427img.MunCG427_img135,verso,"Bayerische Staatsbibliothek, Codex Graecus 427,folio 64,verso,"
urn:cite:bsb:cg427.65r,136,urn:cite:bsb:muncg427img.MunCG427_img136,recto,"Bayerische Staatsbibliothek, Codex Graecus 427,folio 65,recto,"
urn:cite:bsb:cg427.65v,137,urn:cite:bsb:muncg427img.MunCG427_img137,verso,"Bayerische Staatsbibliothek, Codex Graecus 427,folio 65,verso,"
urn:cite:bsb:cg427.66r,138,urn:cite:bsb:muncg427img.MunCG427_img138,recto,"Bayerische Staatsbibliothek, Codex Graecus 427,folio 66,recto,"
urn:cite:bsb:cg427.66v,139,urn:cite:bsb:muncg427img.MunCG427_img139,verso,"Bayerische Staatsbibliothek, Codex Graecus 427,folio 66,verso,"
urn:cite:bsb:cg427.67r,140,urn:cite:bsb:muncg427img.MunCG427_img140,recto,"Bayerische Staatsbibliothek, Codex Graecus 427,folio 67,recto,"
urn:cite:bsb:cg427.67v,141,urn:cite:bsb:muncg427img.MunCG427_img141,verso,"Bayerische Staatsbibliothek, Codex Graecus 427,folio 67,verso,"
urn:cite:bsb:cg427.68r,142,urn:cite:bsb:muncg427img.MunCG427_img142,recto,"Bayerische Staatsbibliothek, Codex Graecus 427,folio 68,recto,"
urn:cite:bsb:cg427.68v,143,urn:cite:bsb:muncg427img.MunCG427_img143,verso,"Bayerische Staatsbibliothek, Codex Graecus 427,folio 68,verso,"
urn:cite:bsb:cg427.69r,144,urn:cite:bsb:muncg427img.MunCG427_img144,recto,"Bayerische Staatsbibliothek, Codex Graecus 427,folio 69,recto,"
urn:cite:bsb:cg427.69v,145,urn:cite:bsb:muncg427img.MunCG427_img145,verso,"Bayerische Staatsbibliothek, Codex Graecus 427,folio 69,verso,"
urn:cite:bsb:cg427.70r,146,urn:cite:bsb:muncg427img.MunCG427_img146,recto,"Bayerische Staatsbibliothek, Codex Graecus 427,folio 70,recto,"
urn:cite:bsb:cg427.70v,147,urn:cite:bsb:muncg427img.MunCG427_img147,verso,"Bayerische Staatsbibliothek, Codex Graecus 427,folio 70,verso,"
urn:cite:bsb:cg427.71r,148,urn:cite:bsb:muncg427img.MunCG427_img148,recto,"Bayerische Staatsbibliothek, Codex Graecus 427,folio 71,recto,"
urn:cite:bsb:cg427.71v,149,urn:cite:bsb:muncg427img.MunCG427_img149,verso,"Bayerische Staatsbibliothek, Codex Graecus 427,folio 71,verso,"
urn:cite:bsb:cg427.72r,150,urn:cite:bsb:muncg427img.MunCG427_img150,recto,"Bayerische Staatsbibliothek, Codex Graecus 427,folio 72,recto,"
urn:cite:bsb:cg427.72v,151,urn:cite:bsb:muncg427img.MunCG427_img151,verso,"Bayerische Staatsbibliothek, Codex Graecus 427,folio 72,verso,"
urn:cite:bsb:cg427.73r,152,urn:cite:bsb:muncg427img.MunCG427_img152,recto,"Bayerische Staatsbibliothek, Codex Graecus 427,folio 73,recto,"
urn:cite:bsb:cg427.73v,153,urn:cite:bsb:muncg427img.MunCG427_img153,verso,"Bayerische Staatsbibliothek, Codex Graecus 427,folio 73,verso,"
urn:cite:bsb:cg427.74r,154,urn:cite:bsb:muncg427img.MunCG427_img154,recto,"Bayerische Staatsbibliothek, Codex Graecus 427,folio 74,recto,"
urn:cite:bsb:cg427.74v,155,urn:cite:bsb:muncg427img.MunCG427_img155,verso,"Bayerische Staatsbibliothek, Codex Graecus 427,folio 74,verso,"
urn:cite:bsb:cg427.75r,156,urn:cite:bsb:muncg427img.MunCG427_img156,recto,"Bayerische Staatsbibliothek, Codex Graecus 427,folio 75,recto,"
urn:cite:bsb:cg427.75v,157,urn:cite:bsb:muncg427img.MunCG427_img157,verso,"Bayerische Staatsbibliothek, Codex Graecus 427,folio 75,verso,"
urn:cite:bsb:cg427.76r,158,urn:cite:bsb:muncg427img.MunCG427_img158,recto,"Bayerische Staatsbibliothek, Codex Graecus 427,folio 76,recto,"
,,urn:cite:bsb:muncg427img.MunCG427_img159,,,
,,urn:cite:bsb:muncg427img.MunCG427_img160,,,
,,urn:cite:bsb:muncg427img.MunCG427_img161,,,
urn:cite:bsb:cg427.77r,162,urn:cite:bsb:muncg427img.MunCG427_img162,recto,"Bayerische Staatsbibliothek, Codex Graecus 427,folio 77,recto,"
urn:cite:bsb:cg427.77v,163,urn:cite:bsb:muncg427img.MunCG427_img163,verso,"Bayerische Staatsbibliothek, Codex Graecus 427,folio 77,verso,"
urn:cite:bsb:cg427.78r,164,urn:cite:bsb:muncg427img.MunCG427_img164,recto,"Bayerische Staatsbibliothek, Codex Graecus 427,folio 78,recto,"
urn:cite:bsb:cg427.78v,165,urn:cite:bsb:muncg427img.MunCG427_img165,verso,"Bayerische Staatsbibliothek, Codex Graecus 427,folio 78,verso,"
urn:cite:bsb:cg427.79r,166,urn:cite:bsb:muncg427img.MunCG427_img166,recto,"Bayerische Staatsbibliothek, Codex Graecus 427,folio 79,recto,"
urn:cite:bsb:cg427.79v,167,urn:cite:bsb:muncg427img.MunCG427_img167,verso,"Bayerische Staatsbibliothek, Codex Graecus 427,folio 79,verso,"
urn:cite:bsb:cg427.80r,168,urn:cite:bsb:muncg427img.MunCG427_img168,recto,"Bayerische Staatsbibliothek, Codex Graecus 427,folio 80,recto,"
urn:cite:bsb:cg427.80v,169,urn:cite:bsb:muncg427img.MunCG427_img169,verso,"Bayerische Staatsbibliothek, Codex Graecus 427,folio 80,verso,"
urn:cite:bsb:cg427.81r,170,urn:cite:bsb:muncg427img.MunCG427_img170,recto,"Bayerische Staatsbibliothek, Codex Graecus 427,folio 81,recto,"
urn:cite:bsb:cg427.81v,171,urn:cite:bsb:muncg427img.MunCG427_img171,verso,"Bayerische Staatsbibliothek, Codex Graecus 427,folio 81,verso,"
urn:cite:bsb:cg427.82r,172,urn:cite:bsb:muncg427img.MunCG427_img172,recto,"Bayerische Staatsbibliothek, Codex Graecus 427,folio 82,recto,"
urn:cite:bsb:cg427.82v,172,urn:cite:bsb:muncg427img.MunCG427_img173,verso,"Bayerische Staatsbibliothek, Codex Graecus 427,folio 82,verso,"
urn:cite:bsb:cg427.83r,173,urn:cite:bsb:muncg427img.MunCG427_img174,recto,"Bayerische Staatsbibliothek, Codex Graecus 427,folio 83,recto,"
urn:cite:bsb:cg427.83v,174,urn:cite:bsb:muncg427img.MunCG427_img175,verso,"Bayerische Staatsbibliothek, Codex Graecus 427,folio 83,verso,"
urn:cite:bsb:cg427.84r,175,urn:cite:bsb:muncg427img.MunCG427_img176,recto,"Bayerische Staatsbibliothek, Codex Graecus 427,folio 84,recto,"
urn:cite:bsb:cg427.84v,176,urn:cite:bsb:muncg427img.MunCG427_img177,verso,"Bayerische Staatsbibliothek, Codex Graecus 427,folio 84,verso,"
urn:cite:bsb:cg427.85r,177,urn:cite:bsb:muncg427img.MunCG427_img178,recto,"Bayerische Staatsbibliothek, Codex Graecus 427,folio 85,recto,"
urn:cite:bsb:cg427.85v,178,urn:cite:bsb:muncg427img.MunCG427_img179,verso,"Bayerische Staatsbibliothek, Codex Graecus 427,folio 85,verso,"
urn:cite:bsb:cg427.86r,179,urn:cite:bsb:muncg427img.MunCG427_img180,recto,"Bayerische Staatsbibliothek, Codex Graecus 427,folio 86,recto, Scholia"
urn:cite:bsb:cg427.86v,180,urn:cite:bsb:muncg427img.MunCG427_img181,verso,"Bayerische Staatsbibliothek, Codex Graecus 427,folio 86,verso,"
urn:cite:bsb:cg427.87r,181,urn:cite:bsb:muncg427img.MunCG427_img182,recto,"Bayerische Staatsbibliothek, Codex Graecus 427,folio 87,recto,"
,,urn:cite:bsb:muncg427img.MunCG427_img183,,,
,,urn:cite:bsb:muncg427img.MunCG427_img184,,,
,,urn:cite:bsb:muncg427img.MunCG427_img185,,,
urn:cite:bsb:cg427.88r,186,urn:cite:bsb:muncg427img.MunCG427_img186,recto,"Bayerische Staatsbibliothek, Codex Graecus 427,folio 88,recto,"
urn:cite:bsb:cg427.88v,187,urn:cite:bsb:muncg427img.MunCG427_img187,verso,"Bayerische Staatsbibliothek, Codex Graecus 427,folio 88,verso,"
urn:cite:bsb:cg427.89r,188,urn:cite:bsb:muncg427img.MunCG427_img188,recto,"Bayerische Staatsbibliothek, Codex Graecus 427,folio 89,recto,"
urn:cite:bsb:cg427.89v,189,urn:cite:bsb:muncg427img.MunCG427_img189,verso,"Bayerische Staatsbibliothek, Codex Graecus 427,folio 89,verso,"
urn:cite:bsb:cg427.90r,190,urn:cite:bsb:muncg427img.MunCG427_img190,recto,"Bayerische Staatsbibliothek, Codex Graecus 427,folio 90,recto,"
urn:cite:bsb:cg427.90v,191,urn:cite:bsb:muncg427img.MunCG427_img191,verso,"Bayerische Staatsbibliothek, Codex Graecus 427,folio 90,verso,"
urn:cite:bsb:cg427.91r,192,urn:cite:bsb:muncg427img.MunCG427_img192,retro,"Bayerische Staatsbibliothek, Codex Graecus 427,folio 91,recto,"
urn:cite:bsb:cg427.91v,193,urn:cite:bsb:muncg427img.MunCG427_img193,verso,"Bayerische Staatsbibliothek, Codex Graecus 427,folio 91,verso,"
urn:cite:bsb:cg427.92r,194,urn:cite:bsb:muncg427img.MunCG427_img194,recto,"Bayerische Staatsbibliothek, Codex Graecus 427,folio 92,recto,"
urn:cite:bsb:cg427.92v,195,urn:cite:bsb:muncg427img.MunCG427_img195,verso,"Bayerische Staatsbibliothek, Codex Graecus 427,folio 92,verso,"
urn:cite:bsb:cg427.93r,196,urn:cite:bsb:muncg427img.MunCG427_img196,recto,"Bayerische Staatsbibliothek, Codex Graecus 427,folio 93,recto,"
urn:cite:bsb:cg427.93v,197,urn:cite:bsb:muncg427img.MunCG427_img197,verso,"Bayerische Staatsbibliothek, Codex Graecus 427,folio 93,verso,"
urn:cite:bsb:cg427.94r,198,urn:cite:bsb:muncg427img.MunCG427_img198,recto,"Bayerische Staatsbibliothek, Codex Graecus 427,folio 94,recto,"
urn:cite:bsb:cg427.94v,199,urn:cite:bsb:muncg427img.MunCG427_img199,verso,"Bayerische Staatsbibliothek, Codex Graecus 427,folio 94,recto,"
urn:cite:bsb:cg427.95r,200,urn:cite:bsb:muncg427img.MunCG427_img200,recto,"Bayerische Staatsbibliothek, Codex Graecus 427, folio 95, recto,"
urn:cite:bsb:cg427.95v,201,urn:cite:bsb:muncg427img.MunCG427_img201,verso,"Bayerische Staatsbibliothek, Codex Graecus 427, folio 95, verso,"
urn:cite:bsb:cg427.96r,202,urn:cite:bsb:muncg427img.MunCG427_img202,recto,"Bayerische Staatsbibliothek, Codex Graecus 427, folio 96, recto,"
urn:cite:bsb:cg427.96v,203,urn:cite:bsb:muncg427img.MunCG427_img203,verso,"Bayerische Staatsbibliothek, Codex Graecus 427, folio 96, verso,"
urn:cite:bsb:cg427.97r,204,urn:cite:bsb:muncg427img.MunCG427_img204,recto,"Bayerische Staatsbibliothek, Codex Graecus 427, folio 97, recto,"
urn:cite:bsb:cg427.97v,205,urn:cite:bsb:muncg427img.MunCG427_img205,verso,"Bayerische Staatsbibliothek, Codex Graecus 427, folio 97, verso,"
urn:cite:bsb:cg427.98r,206,urn:cite:bsb:muncg427img.MunCG427_img206,recto,"Bayerische Staatsbibliothek, Codex Graecus 427, folio 98, recto,"
urn:cite:bsb:cg427.98v,207,urn:cite:bsb:muncg427img.MunCG427_img207,verso,"Bayerische Staatsbibliothek, Codex Graecus 427, folio 98, verso,"
urn:cite:bsb:cg427.99r,208,urn:cite:bsb:muncg427img.MunCG427_img208,recto,"Bayerische Staatsbibliothek, Codex Graecus 427, folio 99, recto,"
urn:cite:bsb:cg427.99v,209,urn:cite:bsb:muncg427img.MunCG427_img209,verso,"Bayerische Staatsbibliothek, Codex Graecus 427, folio 99, verso,"
urn:cite:bsb:cg427.100r,210,urn:cite:bsb:muncg427img.MunCG427_img210,recto,"Bayerische Staatsbibliothek, Codex Graecus 427, folio 100, recto,"
urn:cite:bsb:cg427.100v,211,urn:cite:bsb:muncg427img.MunCG427_img211,verso,"Bayerische Staatsbibliothek, Codex Graecus 427, folio 100, verso,"
urn:cite:bsb:cg427.101r,212,urn:cite:bsb:muncg427img.MunCG427_img212,recto,"Bayerische Staatsbibliothek, Codex Graecus 427, folio 101, recto,"
urn:cite:bsb:cg427.101v,213,urn:cite:bsb:muncg427img.MunCG427_img213,verso,"Bayerische Staatsbibliothek, Codex Graecus 427, folio 101, verso,"
urn:cite:bsb:cg427.102r,214,urn:cite:bsb:muncg427img.MunCG427_img214,recto,"Bayerische Staatsbibliothek, Codex Graecus 427, folio 102, recto,"
urn:cite:bsb:cg427.102v,215,urn:cite:bsb:muncg427img.MunCG427_img215,verso,"Bayerische Staatsbibliothek, Codex Graecus 427, folio 102, verso,"
urn:cite:bsb:cg427.103r,216,urn:cite:bsb:muncg427img.MunCG427_img216,recto,"Bayerische Staatsbibliothek, Codex Graecus 427, folio 103, recto,"
urn:cite:bsb:cg427.103v,217,urn:cite:bsb:muncg427img.MunCG427_img217,verso,"Bayerische Staatsbibliothek, Codex Graecus 427, folio 103, verso,"
urn:cite:bsb:cg427.104r,218,urn:cite:bsb:muncg427img.MunCG427_img218,recto,"Bayerische Staatsbibliothek, Codex Graecus 427, folio 104, recto,"
urn:cite:bsb:cg427.104v,219,urn:cite:bsb:muncg427img.MunCG427_img219,verso,"Bayerische Staatsbibliothek, Codex Graecus 427, folio 104, verso,"
,,urn:cite:bsb:muncg427img.MunCG427_img220,,,
,,urn:cite:bsb:muncg427img.MunCG427_img221,,,
urn:cite:bsb:cg427.106r,222,urn:cite:bsb:muncg427img.MunCG427_img222,recto,"Bayerische Staatsbibliothek, Codex Graecus 427, folio 106, recto,"
urn:cite:bsb:cg427.106v,223,urn:cite:bsb:muncg427img.MunCG427_img223,verso,"Bayerische Staatsbibliothek, Codex Graecus 427, folio 106, verso,"
urn:cite:bsb:cg427.107r,224,urn:cite:bsb:muncg427img.MunCG427_img224,recto,"Bayerische Staatsbibliothek, Codex Graecus 427, folio 107, recto,"
urn:cite:bsb:cg427.107v,225,urn:cite:bsb:muncg427img.MunCG427_img225,verso,"Bayerische Staatsbibliothek, Codex Graecus 427, folio 107, verso,"
urn:cite:bsb:cg427.108r,226,urn:cite:bsb:muncg427img.MunCG427_img226,recto,"Bayerische Staatsbibliothek, Codex Graecus 427, folio 108, recto,"
urn:cite:bsb:cg427.108v,227,urn:cite:bsb:muncg427img.MunCG427_img227,verso,"Bayerische Staatsbibliothek, Codex Graecus 427, folio 108, verso,"
urn:cite:bsb:cg427.109r,228,urn:cite:bsb:muncg427img.MunCG427_img228,recto,"Bayerische Staatsbibliothek, Codex Graecus 427, folio 109, recto,"
urn:cite:bsb:cg427.109v,229,urn:cite:bsb:muncg427img.MunCG427_img229,verso,"Bayerische Staatsbibliothek, Codex Graecus 427, folio 109, verso,"
urn:cite:bsb:cg427.110r,230,urn:cite:bsb:muncg427img.MunCG427_img230,recto,"Bayerische Staatsbibliothek, Codex Graecus 427, folio 110, recto,"
urn:cite:bsb:cg427.110v,231,urn:cite:bsb:muncg427img.MunCG427_img231,verso,"Bayerische Staatsbibliothek, Codex Graecus 427, folio 110, verso,"
urn:cite:bsb:cg427.111r,232,urn:cite:bsb:muncg427img.MunCG427_img232,recto,"Bayerische Staatsbibliothek, Codex Graecus 427, folio 111, recto,"
urn:cite:bsb:cg427.111v,233,urn:cite:bsb:muncg427img.MunCG427_img233,verso,"Bayerische Staatsbibliothek, Codex Graecus 427, folio 111, verso,"
urn:cite:bsb:cg427.112r,234,urn:cite:bsb:muncg427img.MunCG427_img234,recto,"Bayerische Staatsbibliothek, Codex Graecus 427, folio 112, recto,"
urn:cite:bsb:cg427.112v,235,urn:cite:bsb:muncg427img.MunCG427_img235,verso,"Bayerische Staatsbibliothek, Codex Graecus 427, folio 112, verso,"
urn:cite:bsb:cg427.113r,236,urn:cite:bsb:muncg427img.MunCG427_img236,recto,"Bayerische Staatsbibliothek, Codex Graecus 427, folio 113, recto,"
urn:cite:bsb:cg427.113v,237,urn:cite:bsb:muncg427img.MunCG427_img237,verso,"Bayerische Staatsbibliothek, Codex Graecus 427, folio 113, verso,"
urn:cite:bsb:cg427.114r,238,urn:cite:bsb:muncg427img.MunCG427_img238,recto,"Bayerische Staatsbibliothek, Codex Graecus 427, folio 114, recto,"
urn:cite:bsb:cg427.114v,239,urn:cite:bsb:muncg427img.MunCG427_img239,verso,"Bayerische Staatsbibliothek, Codex Graecus 427, folio 114, verso,"
urn:cite:bsb:cg427.115r,240,urn:cite:bsb:muncg427img.MunCG427_img240,recto,"Bayerische Staatsbibliothek, Codex Graecus 427, folio 115, recto,"
urn:cite:bsb:cg427.115v,241,urn:cite:bsb:muncg427img.MunCG427_img241,verso,"Bayerische Staatsbibliothek, Codex Graecus 427, folio 115, verso,"
urn:cite:bsb:cg427.116r,242,urn:cite:bsb:muncg427img.MunCG427_img242,recto,"Bayerische Staatsbibliothek, Codex Graecus 427, folio 116, recto,"
urn:cite:bsb:cg427.116v,243,urn:cite:bsb:muncg427img.MunCG427_img243,verso,"Bayerische Staatsbibliothek, Codex Graecus 427, folio 116, verso,"
urn:cite:bsb:cg427.117r,244,urn:cite:bsb:muncg427img.MunCG427_img244,recto,"Bayerische Staatsbibliothek, Codex Graecus 427, folio 117, recto,"
urn:cite:bsb:cg427.117v,245,urn:cite:bsb:muncg427img.MunCG427_img245,verso,"Bayerische Staatsbibliothek, Codex Graecus 427, folio 117, verso,"
urn:cite:bsb:cg427.118r,246,urn:cite:bsb:muncg427img.MunCG427_img246,recto,"Bayerische Staatsbibliothek, Codex Graecus 427, folio 118, recto,"
urn:cite:bsb:cg427.118v,247,urn:cite:bsb:muncg427img.MunCG427_img247,verso,"Bayerische Staatsbibliothek, Codex Graecus 427, folio 118, verso,"
urn:cite:bsb:cg427.119r,248,urn:cite:bsb:muncg427img.MunCG427_img248,recto,"Bayerische Staatsbibliothek, Codex Graecus 427, folio 119, recto,"
urn:cite:bsb:cg427.119v,249,urn:cite:bsb:muncg427img.MunCG427_img249,verso,"Bayerische Staatsbibliothek, Codex Graecus 427, folio 119, verso,"
urn:cite:bsb:cg427.120r,250,urn:cite:bsb:muncg427img.MunCG427_img250,recto,"Bayerische Staatsbibliothek, Codex Graecus 427, folio 120, recto,"
urn:cite:bsb:cg427.120v,251,urn:cite:bsb:muncg427img.MunCG427_img251,verso,"Bayerische Staatsbibliothek, Codex Graecus 427, folio 120, recto,"
urn:cite:bsb:cg427.121r,252,urn:cite:bsb:muncg427img.MunCG427_img252,recto,"Bayerische Staatsbibliothek, Codex Graecus 427, folio 121, recto,"
urn:cite:bsb:cg427.121v,253,urn:cite:bsb:muncg427img.MunCG427_img253,verso,"Bayerische Staatsbibliothek, Codex Graecus 427, folio 121, recto,"
urn:cite:bsb:cg427.122r,254,urn:cite:bsb:muncg427img.MunCG427_img254,recto,"Bayerische Staatsbibliothek, Codex Graecus 427, folio 122, recto,"
urn:cite:bsb:cg427.122v,255,urn:cite:bsb:muncg427img.MunCG427_img255,verso,"Bayerische Staatsbibliothek, Codex Graecus 427, folio 122, recto,"
urn:cite:bsb:cg427.123r,256,urn:cite:bsb:muncg427img.MunCG427_img256,recto,"Bayerische Staatsbibliothek, Codex Graecus 427, folio 123, recto,"
urn:cite:bsb:cg427.123v,257,urn:cite:bsb:muncg427img.MunCG427_img257,verso,"Bayerische Staatsbibliothek, Codex Graecus 427, folio 123, recto,"
urn:cite:bsb:cg427.124r,258,urn:cite:bsb:muncg427img.MunCG427_img258,recto,"Bayerische Staatsbibliothek, Codex Graecus 427, folio 124, recto,"
urn:cite:bsb:cg427.124v,259,urn:cite:bsb:muncg427img.MunCG427_img259,verso,"Bayerische Staatsbibliothek, Codex Graecus 427, folio 124, recto,"
urn:cite:bsb:cg427.125r,260,urn:cite:bsb:muncg427img.MunCG427_img260,recto,"Bayerische Staatsbibliothek, Codex Graecus 427, folio 125, recto,"
urn:cite:bsb:cg427.125v,261,urn:cite:bsb:muncg427img.MunCG427_img261,verso,"Bayerische Staatsbibliothek, Codex Graecus 427, folio 125, recto,"
urn:cite:bsb:cg427.126r,262,urn:cite:bsb:muncg427img.MunCG427_img262,recto,"Bayerische Staatsbibliothek, Codex Graecus 427, folio 126, recto,"
urn:cite:bsb:cg427.126v,263,urn:cite:bsb:muncg427img.MunCG427_img263,verso,"Bayerische Staatsbibliothek, Codex Graecus 427, folio 126, recto,"
urn:cite:bsb:cg427.127r,264,urn:cite:bsb:muncg427img.MunCG427_img264,recto,"Bayerische Staatsbibliothek, Codex Graecus 427, folio 127, recto,"
urn:cite:bsb:cg427.127v,265,urn:cite:bsb:muncg427img.MunCG427_img265,verso,"Bayerische Staatsbibliothek, Codex Graecus 427, folio 127, recto,"
urn:cite:bsb:cg427.128r,266,urn:cite:bsb:muncg427img.MunCG427_img266,recto,"Bayerische Staatsbibliothek, Codex Graecus 427, folio 128, recto,"
urn:cite:bsb:cg427.128v,267,urn:cite:bsb:muncg427img.MunCG427_img267,verso,"Bayerische Staatsbibliothek, Codex Graecus 427, folio 128, recto,"
urn:cite:bsb:cg427.129r,268,urn:cite:bsb:muncg427img.MunCG427_img268,recto,"Bayerische Staatsbibliothek, Codex Graecus 427, folio 129, recto,"
urn:cite:bsb:cg427.129v,269,urn:cite:bsb:muncg427img.MunCG427_img269,verso,"Bayerische Staatsbibliothek, Codex Graecus 427, folio 129, recto,"
urn:cite:bsb:cg427.130r,270,urn:cite:bsb:muncg427img.MunCG427_img270,recto,"Bayerische Staatsbibliothek, Codex Graecus 427, folio 130, recto,"
urn:cite:bsb:cg427.130v,271,urn:cite:bsb:muncg427img.MunCG427_img271,verso,"Bayerische Staatsbibliothek, Codex Graecus 427, folio 130, recto,"
urn:cite:bsb:cg427.131r,272,urn:cite:bsb:muncg427img.MunCG427_img272,recto,"Bayerische Staatsbibliothek, Codex Graecus 427, folio 131, recto,"
urn:cite:bsb:cg427.131v,273,urn:cite:bsb:muncg427img.MunCG427_img273,verso,"Bayerische Staatsbibliothek, Codex Graecus 427, folio 131, recto,"
urn:cite:bsb:cg427.132r,274,urn:cite:bsb:muncg427img.MunCG427_img274,recto,"Bayerische Staatsbibliothek, Codex Graecus 427, folio 132, recto,"
urn:cite:bsb:cg427.132v,275,urn:cite:bsb:muncg427img.MunCG427_img275,verso,"Bayerische Staatsbibliothek, Codex Graecus 427, folio 132, recto,"
urn:cite:bsb:cg427.133r,276,urn:cite:bsb:muncg427img.MunCG427_img276,recto,"Bayerische Staatsbibliothek, Codex Graecus 427, folio 133, recto,"
urn:cite:bsb:cg427.133v,277,urn:cite:bsb:muncg427img.MunCG427_img277,verso,"Bayerische Staatsbibliothek, Codex Graecus 427, folio 133, recto,"
urn:cite:bsb:cg427.134r,278,urn:cite:bsb:muncg427img.MunCG427_img278,recto,"Bayerische Staatsbibliothek, Codex Graecus 427, folio 134, recto,"
urn:cite:bsb:cg427.134v,279,urn:cite:bsb:muncg427img.MunCG427_img279,verso,"Bayerische Staatsbibliothek, Codex Graecus 427, folio 134, recto,"
urn:cite:bsb:cg427.135r,280,urn:cite:bsb:muncg427img.MunCG427_img280,recto,"Bayerische Staatsbibliothek, Codex Graecus 427, folio 135, recto,"
urn:cite:bsb:cg427.135v,281,urn:cite:bsb:muncg427img.MunCG427_img281,verso,"Bayerische Staatsbibliothek, Codex Graecus 427, folio 135, recto,"
urn:cite:bsb:cg427.136r,282,urn:cite:bsb:muncg427img.MunCG427_img282,recto,"Bayerische Staatsbibliothek, Codex Graecus 427, folio 136, recto,"
urn:cite:bsb:cg427.136v,283,urn:cite:bsb:muncg427img.MunCG427_img283,verso,"Bayerische Staatsbibliothek, Codex Graecus 427, folio 136, recto,"
urn:cite:bsb:cg427.137r,284,urn:cite:bsb:muncg427img.MunCG427_img284,recto,"Bayerische Staatsbibliothek, Codex Graecus 427, folio 137, recto,"
urn:cite:bsb:cg427.137v,285,urn:cite:bsb:muncg427img.MunCG427_img285,verso,"Bayerische Staatsbibliothek, Codex Graecus 427, folio 137, recto,"
urn:cite:bsb:cg427.138r,286,urn:cite:bsb:muncg427img.MunCG427_img286,recto,"Bayerische Staatsbibliothek, Codex Graecus 427, folio 138, recto,"
urn:cite:bsb:cg427.138v,287,urn:cite:bsb:muncg427img.MunCG427_img287,verso,"Bayerische Staatsbibliothek, Codex Graecus 427, folio 138, recto,"
urn:cite:bsb:cg427.139r,288,urn:cite:bsb:muncg427img.MunCG427_img288,recto,"Bayerische Staatsbibliothek, Codex Graecus 427, folio 139, recto,"
urn:cite:bsb:cg427.139v,289,urn:cite:bsb:muncg427img.MunCG427_img289,verso,"Bayerische Staatsbibliothek, Codex Graecus 427, folio 139, recto,"
urn:cite:bsb:cg427.140r,290,urn:cite:bsb:muncg427img.MunCG427_img290,recto,"Bayerische Staatsbibliothek, Codex Graecus 427, folio 140, recto,"
urn:cite:bsb:cg427.140v,291,urn:cite:bsb:muncg427img.MunCG427_img291,verso,"Bayerische Staatsbibliothek, Codex Graecus 427, folio 140, recto,"
urn:cite:bsb:cg427.141r,292,urn:cite:bsb:muncg427img.MunCG427_img292,recto,"Bayerische Staatsbibliothek, Codex Graecus 427, folio 141, recto,"
urn:cite:bsb:cg427.141v,293,urn:cite:bsb:muncg427img.MunCG427_img293,verso,"Bayerische Staatsbibliothek, Codex Graecus 427, folio 141, recto,"
urn:cite:bsb:cg427.142r,294,urn:cite:bsb:muncg427img.MunCG427_img294,recto,"Bayerische Staatsbibliothek, Codex Graecus 427, folio 142, recto,"
urn:cite:bsb:cg427.142v,295,urn:cite:bsb:muncg427img.MunCG427_img295,verso,"Bayerische Staatsbibliothek, Codex Graecus 427, folio 142, recto,"
urn:cite:bsb:cg427.143r,296,urn:cite:bsb:muncg427img.MunCG427_img296,recto,"Bayerische Staatsbibliothek, Codex Graecus 427, folio 143, recto,"
urn:cite:bsb:cg427.143v,297,urn:cite:bsb:muncg427img.MunCG427_img297,verso,"Bayerische Staatsbibliothek, Codex Graecus 427, folio 143, recto,"
urn:cite:bsb:cg427.144r,298,urn:cite:bsb:muncg427img.MunCG427_img298,recto,"Bayerische Staatsbibliothek, Codex Graecus 427, folio 144, recto,"
,,urn:cite:bsb:muncg427img.MunCG427_img299,,,
,,urn:cite:bsb:muncg427img.MunCG427_img300,,,
,,urn:cite:bsb:muncg427img.MunCG427_img301,,,
urn:cite:bsb:cg427.146r,302,urn:cite:bsb:muncg427img.MunCG427_img302,recto,"Bayerische Staatsbibliothek, Codex Graecus 427, folio 146 , recto,"
,,urn:cite:bsb:muncg427img.MunCG427_img303,,,
,,urn:cite:bsb:muncg427img.MunCG427_img304,,,
,,urn:cite:bsb:muncg427img.MunCG427_img305,,,
,,urn:cite:bsb:muncg427img.MunCG427_img306,,,
,,urn:cite:bsb:muncg427img.MunCG427_img307,,,
,,urn:cite:bsb:muncg427img.MunCG427_img308,,,
,,urn:cite:bsb:muncg427img.MunCG427_img309,,,
urn:cite:bsb:cg427.150r,310,urn:cite:bsb:muncg427img.MunCG427_img310,recto,"Bayerische Staatsbibliothek, Codex Graecus 427, folio 150, recto,"
urn:cite:bsb:cg427.150v,311,urn:cite:bsb:muncg427img.MunCG427_img311,verso,"Bayerische Staatsbibliothek, Codex Graecus 427, folio 150, verso,"
urn:cite:bsb:cg427.151r,312,urn:cite:bsb:muncg427img.MunCG427_img312,recto,"Bayerische Staatsbibliothek, Codex Graecus 427, folio 151, recto,"
urn:cite:bsb:cg427.151v,313,urn:cite:bsb:muncg427img.MunCG427_img312,verso,"Bayerische Staatsbibliothek, Codex Graecus 427, folio 151, verso,"
urn:cite:bsb:cg427.152r,314,urn:cite:bsb:muncg427img.MunCG427_img314,recto,"Bayerische Staatsbibliothek, Codex Graecus 427, folio 152, recto,"
urn:cite:bsb:cg427.152v,315,urn:cite:bsb:muncg427img.MunCG427_img315,verso,"Bayerische Staatsbibliothek, Codex Graecus 427, folio 152, verso,"
urn:cite:bsb:cg427.153r,316,urn:cite:bsb:muncg427img.MunCG427_img316,recto,"Bayerische Staatsbibliothek, Codex Graecus 427, folio 153, recto,"
urn:cite:bsb:cg427.154r,318,urn:cite:bsb:muncg427img.MunCG427_img318,recto,"Bayerische Staatsbibliothek, Codex Graecus 427, folio 154, recto,"
urn:cite:bsb:cg427.154v,319,urn:cite:bsb:muncg427img.MunCG427_img319,verso,"Bayerische Staatsbibliothek, Codex Graecus 427, folio 154, verso,"
urn:cite:bsb:cg427.155r,320,urn:cite:bsb:muncg427img.MunCG427_img320,recto,"Bayerische Staatsbibliothek, Codex Graecus 427, folio 155, recto,"
urn:cite:bsb:cg427.155v,321,urn:cite:bsb:muncg427img.MunCG427_img321,verso,"Bayerische Staatsbibliothek, Codex Graecus 427, folio 155, verso,"
urn:cite:bsb:cg427.156r,322,urn:cite:bsb:muncg427img.MunCG427_img322,recto,"Bayerische Staatsbibliothek, Codex Graecus 427, folio 156, recto,"
urn:cite:bsb:cg427.156v,323,urn:cite:bsb:muncg427img.MunCG427_img323,verso,"Bayerische Staatsbibliothek, Codex Graecus 427, folio 156, verso,"
urn:cite:bsb:cg427.157r,324,urn:cite:bsb:muncg427img.MunCG427_img324,recto,"Bayerische Staatsbibliothek, Codex Graecus 427, folio 157, recto,"
urn:cite:bsb:cg427.157v,325,urn:cite:bsb:muncg427img.MunCG427_img325,verso,"Bayerische Staatsbibliothek, Codex Graecus 427, folio 157, verso,"
urn:cite:bsb:cg427.158r,326,urn:cite:bsb:muncg427img.MunCG427_img326,recto,"Bayerische Staatsbibliothek, Codex Graecus 427, folio 158, recto,"
urn:cite:bsb:cg427.158v,327,urn:cite:bsb:muncg427img.MunCG427_img327,verso,"Bayerische Staatsbibliothek, Codex Graecus 427, folio 158, verso,"
urn:cite:bsb:cg427.159r,328,urn:cite:bsb:muncg427img.MunCG427_img328,recto,"Bayerische Staatsbibliothek, Codex Graecus 427, folio 159, recto,"
urn:cite:bsb:cg427.159v,329,urn:cite:bsb:muncg427img.MunCG427_img329,verso,"Bayerische Staatsbibliothek, Codex Graecus 427, folio 159, verso,"
urn:cite:bsb:cg427.160r,330,urn:cite:bsb:muncg427img.MunCG427_img330,recto,"Bayerische Staatsbibliothek, Codex Graecus 427, folio 160, recto,"
urn:cite:bsb:cg427.160v,331,urn:cite:bsb:muncg427img.MunCG427_img331,verso,"Bayerische Staatsbibliothek, Codex Graecus 427, folio 160, verso,"
urn:cite:bsb:cg427.161r,332,urn:cite:bsb:muncg427img.MunCG427_img332,recto,"Bayerische Staatsbibliothek, Codex Graecus 427, folio 161, recto,"
urn:cite:bsb:cg427.161v,333,urn:cite:bsb:muncg427img.MunCG427_img333,verso,"Bayerische Staatsbibliothek, Codex Graecus 427, folio 161, verso,"
urn:cite:bsb:cg427.162r,334,urn:cite:bsb:muncg427img.MunCG427_img334,recto,"Bayerische Staatsbibliothek, Codex Graecus 427, folio 162, recto,"
urn:cite:bsb:cg427.162v,335,urn:cite:bsb:muncg427img.MunCG427_img335,verso,"Bayerische Staatsbibliothek, Codex Graecus 427, folio 162, verso,"
urn:cite:bsb:cg427.163r,336,urn:cite:bsb:muncg427img.MunCG427_img336,recto,"Bayerische Staatsbibliothek, Codex Graecus 427, folio 163, recto,"
urn:cite:bsb:cg427.163v,337,urn:cite:bsb:muncg427img.MunCG427_img337,verso,"Bayerische Staatsbibliothek, Codex Graecus 427, folio 163, verso,"
urn:cite:bsb:cg427.164r,338,urn:cite:bsb:muncg427img.MunCG427_img338,recto,"Bayerische Staatsbibliothek, Codex Graecus 427, folio 164, recto,"
urn:cite:bsb:cg427.164v,339,urn:cite:bsb:muncg427img.MunCG427_img339,verso,"Bayerische Staatsbibliothek, Codex Graecus 427, folio 164, verso,"
urn:cite:bsb:cg427.165r,340,urn:cite:bsb:muncg427img.MunCG427_img340,recto,"Bayerische Staatsbibliothek, Codex Graecus 427, folio 165, recto,"
urn:cite:bsb:cg427.165v,341,urn:cite:bsb:muncg427img.MunCG427_img341,verso,"Bayerische Staatsbibliothek, Codex Graecus 427, folio 165, verso,"
urn:cite:bsb:cg427.166r,342,urn:cite:bsb:muncg427img.MunCG427_img342,recto,"Bayerische Staatsbibliothek, Codex Graecus 427, folio 166, recto,"
urn:cite:bsb:cg427.166v,343,urn:cite:bsb:muncg427img.MunCG427_img343,verso,"Bayerische Staatsbibliothek, Codex Graecus 427, folio 166, verso,"
urn:cite:bsb:cg427.167r,344,urn:cite:bsb:muncg427img.MunCG427_img344,recto,"Bayerische Staatsbibliothek, Codex Graecus 427, folio 167, recto,"
urn:cite:bsb:cg427.167v,345,urn:cite:bsb:muncg427img.MunCG427_img345,verso,"Bayerische Staatsbibliothek, Codex Graecus 427, folio 167, verso,"
urn:cite:bsb:cg427.168r,346,urn:cite:bsb:muncg427img.MunCG427_img346,recto,"Bayerische Staatsbibliothek, Codex Graecus 427, folio 168, recto,"
urn:cite:bsb:cg427.168v,347,urn:cite:bsb:muncg427img.MunCG427_img347,verso,"Bayerische Staatsbibliothek, Codex Graecus 427, folio 168, verso,"
urn:cite:bsb:cg427.169r,348,urn:cite:bsb:muncg427img.MunCG427_img348,recto,"Bayerische Staatsbibliothek, Codex Graecus 427, folio 169, recto,"
urn:cite:bsb:cg427.169v,349,urn:cite:bsb:muncg427img.MunCG427_img349,verso,"Bayerische Staatsbibliothek, Codex Graecus 427, folio 169, verso,"
urn:cite:bsb:cg427.170r,350,urn:cite:bsb:muncg427img.MunCG427_img350,recto,"Bayerische Staatsbibliothek, Codex Graecus 427, folio 170, recto,"
urn:cite:bsb:cg427.170v,351,urn:cite:bsb:muncg427img.MunCG427_img351,verso,"Bayerische Staatsbibliothek, Codex Graecus 427, folio 170, verso,"
urn:cite:bsb:cg427.171r,352,urn:cite:bsb:muncg427img.MunCG427_img352,recto,"Bayerische Staatsbibliothek, Codex Graecus 427, folio 171, recto,"
urn:cite:bsb:cg427.171v,353,urn:cite:bsb:muncg427img.MunCG427_img353,verso,"Bayerische Staatsbibliothek, Codex Graecus 427, folio 171, verso,"
urn:cite:bsb:cg427.172r,354,urn:cite:bsb:muncg427img.MunCG427_img354,recto,"Bayerische Staatsbibliothek, Codex Graecus 427, folio 172, recto,"
urn:cite:bsb:cg427.172v,355,urn:cite:bsb:muncg427img.MunCG427_img355,verso,"Bayerische Staatsbibliothek, Codex Graecus 427, folio 172, verso,"
urn:cite:bsb:cg427.173r,356,urn:cite:bsb:muncg427img.MunCG427_img356,recto,"Bayerische Staatsbibliothek, Codex Graecus 427, folio 173, recto,"
urn:cite:bsb:cg427.173v,357,urn:cite:bsb:muncg427img.MunCG427_img357,verso,"Bayerische Staatsbibliothek, Codex Graecus 427, folio 173, verso,"
urn:cite:bsb:cg427.174r,358,urn:cite:bsb:muncg427img.MunCG427_img358,recto,"Bayerische Staatsbibliothek, Codex Graecus 427, folio 174, recto,"
urn:cite:bsb:cg427.174v,359,urn:cite:bsb:muncg427img.MunCG427_img359,verso,"Bayerische Staatsbibliothek, Codex Graecus 427, folio 174, verso,"
urn:cite:bsb:cg427.175r,360,urn:cite:bsb:muncg427img.MunCG427_img360,recto,"Bayerische Staatsbibliothek, Codex Graecus 427, folio 175, recto,"
urn:cite:bsb:cg427.175v,361,urn:cite:bsb:muncg427img.MunCG427_img361,verso,"Bayerische Staatsbibliothek, Codex Graecus 427, folio 175, verso,"
urn:cite:bsb:cg427.176r,362,urn:cite:bsb:muncg427img.MunCG427_img362,recto,"Bayerische Staatsbibliothek, Codex Graecus 427, folio 176, recto,"
urn:cite:bsb:cg427.176v,363,urn:cite:bsb:muncg427img.MunCG427_img363,verso,"Bayerische Staatsbibliothek, Codex Graecus 427, folio 176, verso,"
urn:cite:bsb:cg427.177r,364,urn:cite:bsb:muncg427img.MunCG427_img364,recto,"Bayerische Staatsbibliothek, Codex Graecus 427, folio 177, recto,"
urn:cite:bsb:cg427.177v,365,urn:cite:bsb:muncg427img.MunCG427_img365,verso,"Bayerische Staatsbibliothek, Codex Graecus 427, folio 177, verso,"
urn:cite:bsb:cg427.178r,366,urn:cite:bsb:muncg427img.MunCG427_img366,recto,"Bayerische Staatsbibliothek, Codex Graecus 427, folio 178, recto,"
urn:cite:bsb:cg427.178v,367,urn:cite:bsb:muncg427img.MunCG427_img367,verso,"Bayerische Staatsbibliothek, Codex Graecus 427, folio 178, verso,"
urn:cite:bsb:cg427.179r,368,urn:cite:bsb:muncg427img.MunCG427_img368,recto,"Bayerische Staatsbibliothek, Codex Graecus 427, folio 179, recto,"
urn:cite:bsb:cg427.179v,369,urn:cite:bsb:muncg427img.MunCG427_img369,verso,"Bayerische Staatsbibliothek, Codex Graecus 427, folio 179, verso,"
urn:cite:bsb:cg427.180r,370,urn:cite:bsb:muncg427img.MunCG427_img370,recto,"Bayerische Staatsbibliothek, Codex Graecus 427, folio 180, recto,"
urn:cite:bsb:cg427.180v,371,urn:cite:bsb:muncg427img.MunCG427_img371,verso,"Bayerische Staatsbibliothek, Codex Graecus 427, folio 180, verso,"
urn:cite:bsb:cg427.181r,372,urn:cite:bsb:muncg427img.MunCG427_img372,recto,"Bayerische Staatsbibliothek, Codex Graecus 427, folio 181, recto,"
urn:cite:bsb:cg427.181v,373,urn:cite:bsb:muncg427img.MunCG427_img373,verso,"Bayerische Staatsbibliothek, Codex Graecus 427, folio 181, verso,"
urn:cite:bsb:cg427.182r,374,urn:cite:bsb:muncg427img.MunCG427_img374,recto,"Bayerische Staatsbibliothek, Codex Graecus 427, folio 182, recto,"
urn:cite:bsb:cg427.182v,375,urn:cite:bsb:muncg427img.MunCG427_img375,verso,"Bayerische Staatsbibliothek, Codex Graecus 427, folio 182, verso,"
urn:cite:bsb:cg427.183r,376,urn:cite:bsb:muncg427img.MunCG427_img376,recto,"Bayerische Staatsbibliothek, Codex Graecus 427, folio 183, recto,"
urn:cite:bsb:cg427.183v,377,urn:cite:bsb:muncg427img.MunCG427_img377,verso,"Bayerische Staatsbibliothek, Codex Graecus 427, folio 183, verso,"
urn:cite:bsb:cg427.184r,378,urn:cite:bsb:muncg427img.MunCG427_img378,recto,"Bayerische Staatsbibliothek, Codex Graecus 427, folio 184, recto,"
urn:cite:bsb:cg427.184v,379,urn:cite:bsb:muncg427img.MunCG427_img379,verso,"Bayerische Staatsbibliothek, Codex Graecus 427, folio 184, verso,"
urn:cite:bsb:cg427.185r,380,urn:cite:bsb:muncg427img.MunCG427_img380,recto,"Bayerische Staatsbibliothek, Codex Graecus 427, folio 185, recto,"
urn:cite:bsb:cg427.185v,381,urn:cite:bsb:muncg427img.MunCG427_img381,verso,"Bayerische Staatsbibliothek, Codex Graecus 427, folio 185, verso,"
urn:cite:bsb:cg427.186r,382,urn:cite:bsb:muncg427img.MunCG427_img382,recto,"Bayerische Staatsbibliothek, Codex Graecus 427, folio 186, recto,"
urn:cite:bsb:cg427.186v,383,urn:cite:bsb:muncg427img.MunCG427_img383,verso,"Bayerische Staatsbibliothek, Codex Graecus 427, folio 186, verso,"
urn:cite:bsb:cg427.187r,384,urn:cite:bsb:muncg427img.MunCG427_img384,recto,"Bayerische Staatsbibliothek, Codex Graecus 427, folio 187, recto,"
urn:cite:bsb:cg427.187v,385,urn:cite:bsb:muncg427img.MunCG427_img385,verso,"Bayerische Staatsbibliothek, Codex Graecus 427, folio 187, verso,"
urn:cite:bsb:cg427.188r,386,urn:cite:bsb:muncg427img.MunCG427_img386,recto,"Bayerische Staatsbibliothek, Codex Graecus 427, folio 188, recto,"
urn:cite:bsb:cg427.188v,387,urn:cite:bsb:muncg427img.MunCG427_img387,verso,"Bayerische Staatsbibliothek, Codex Graecus 427, folio 188, verso,"
urn:cite:bsb:cg427.189r,388,urn:cite:bsb:muncg427img.MunCG427_img388,recto,"Bayerische Staatsbibliothek, Codex Graecus 427, folio 189, recto,"
urn:cite:bsb:cg427.189v,389,urn:cite:bsb:muncg427img.MunCG427_img389,verso,"Bayerische Staatsbibliothek, Codex Graecus 427, folio 189, verso,"
urn:cite:bsb:cg427.190r,390,urn:cite:bsb:muncg427img.MunCG427_img390,recto,"Bayerische Staatsbibliothek, Codex Graecus 427, folio 190, recto,"
urn:cite:bsb:cg427.190v,391,urn:cite:bsb:muncg427img.MunCG427_img391,verso,"Bayerische Staatsbibliothek, Codex Graecus 427, folio 190,verso,"
urn:cite:bsb:cg427.191r,392,urn:cite:bsb:muncg427img.MunCG427_img392,recto,"Bayerische Staatsbibliothek, Codex Graecus 427, folio 191,recto,"
urn:cite:bsb:cg427.191v,393,urn:cite:bsb:muncg427img.MunCG427_img393,verso,"Bayerische Staatsbibliothek, Codex Graecus 427, folio 191,verso,"
urn:cite:bsb:cg427.192r,394,urn:cite:bsb:muncg427img.MunCG427_img394,recto,"Bayerische Staatsbibliothek, Codex Graecus 427, folio 192,recto,"
urn:cite:bsb:cg427.192v,395,urn:cite:bsb:muncg427img.MunCG427_img395,verso,"Bayerische Staatsbibliothek, Codex Graecus 427, folio 192,verso,"
urn:cite:bsb:cg427.193r,396,urn:cite:bsb:muncg427img.MunCG427_img396,recto,"Bayerische Staatsbibliothek, Codex Graecus 427, folio 193,recto,"
urn:cite:bsb:cg427.193v,397,urn:cite:bsb:muncg427img.MunCG427_img397,verso,"Bayerische Staatsbibliothek, Codex Graecus 427, folio 193,verso,"
urn:cite:bsb:cg427.194r,398,urn:cite:bsb:muncg427img.MunCG427_img398,recto,"Bayerische Staatsbibliothek, Codex Graecus 427, folio 194,recto,"
urn:cite:bsb:cg427.194v,399,urn:cite:bsb:muncg427img.MunCG427_img399,verso,"Bayerische Staatsbibliothek, Codex Graecus 427, folio 194,verso,"
urn:cite:bsb:cg427.195r,400,urn:cite:bsb:muncg427img.MunCG427_img400,recto,"Bayerische Staatsbibliothek, Codex Graecus 427, folio 195,recto,"
urn:cite:bsb:cg427.195v,401,urn:cite:bsb:muncg427img.MunCG427_img401,verso,"Bayerische Staatsbibliothek, Codex Graecus 427, folio 195,verso,"
urn:cite:bsb:cg427.196r,402,urn:cite:bsb:muncg427img.MunCG427_img402,recto,"Bayerische Staatsbibliothek, Codex Graecus 427, folio 196,recto,"
urn:cite:bsb:cg427.196v,403,urn:cite:bsb:muncg427img.MunCG427_img403,verso,"Bayerische Staatsbibliothek, Codex Graecus 427, folio 196,verso,"
urn:cite:bsb:cg427.197r,404,urn:cite:bsb:muncg427img.MunCG427_img404,recto,"Bayerische Staatsbibliothek, Codex Graecus 427, folio 197,recto,"
urn:cite:bsb:cg427.197v,405,urn:cite:bsb:muncg427img.MunCG427_img405,verso,"Bayerische Staatsbibliothek, Codex Graecus 427, folio 197,verso,"
urn:cite:bsb:cg427.198r,406,urn:cite:bsb:muncg427img.MunCG427_img406,recto,"Bayerische Staatsbibliothek, Codex Graecus 427, folio 198,recto,"
urn:cite:bsb:cg427.198v,407,urn:cite:bsb:muncg427img.MunCG427_img407,verso,"Bayerische Staatsbibliothek, Codex Graecus 427, folio 198,verso,"
urn:cite:bsb:cg427.199r,408,urn:cite:bsb:muncg427img.MunCG427_img408,recto,"Bayerische Staatsbibliothek, Codex Graecus 427, folio 199,recto,"
urn:cite:bsb:cg427.199v,409,urn:cite:bsb:muncg427img.MunCG427_img409,verso,"Bayerische Staatsbibliothek, Codex Graecus 427, folio 199,verso,"
urn:cite:bsb:cg427.200r,410,urn:cite:bsb:muncg427img.MunCG427_img410,recto,"Bayerische Staatsbibliothek, Codex Graecus 427, folio 200,recto,"
urn:cite:bsb:cg427.200v,411,urn:cite:bsb:muncg427img.MunCG427_img411,verso,"Bayerische Staatsbibliothek, Codex Graecus 427, folio 200,verso,"
urn:cite:bsb:cg427.201r,412,urn:cite:bsb:muncg427img.MunCG427_img412,recto,"Bayerische Staatsbibliothek, Codex Graecus 427, folio 201,recto,"
urn:cite:bsb:cg427.201v,413,urn:cite:bsb:muncg427img.MunCG427_img413,verso,"Bayerische Staatsbibliothek, Codex Graecus 427, folio 201,verso,"
urn:cite:bsb:cg427.202r,414,urn:cite:bsb:muncg427img.MunCG427_img414,recto,"Bayerische Staatsbibliothek, Codex Graecus 427, folio 202,recto,"
urn:cite:bsb:cg427.202v,415,urn:cite:bsb:muncg427img.MunCG427_img415,verso,"Bayerische Staatsbibliothek, Codex Graecus 427, folio 202,verso,"
urn:cite:bsb:cg427.203r,416,urn:cite:bsb:muncg427img.MunCG427_img416,recto,"Bayerische Staatsbibliothek, Codex Graecus 427, folio 203,recto,"
,,urn:cite:bsb:muncg427img.MunCG427_img417,,,
,,urn:cite:bsb:muncg427img.MunCG427_img418,,,
,,urn:cite:bsb:muncg427img.MunCG427_img419,,,
urn:cite:bsb:cg427.204r,420,urn:cite:bsb:muncg427img.MunCG427_img420,recto,"Bayerische Staatsbibliothek, Codex Graecus 427, folio 204, recto,"
urn:cite:bsb:cg427.204v,421,urn:cite:bsb:muncg427img.MunCG427_img421,verso,"Bayerische Staatsbibliothek, Codex Graecus 427, folio 204, verso,"
urn:cite:bsb:cg427.205r,422,urn:cite:bsb:muncg427img.MunCG427_img422,recto,"Bayerische Staatsbibliothek, Codex Graecus 427, folio 205, verso,"
urn:cite:bsb:cg427.205v,423,urn:cite:bsb:muncg427img.MunCG427_img423,verso,"Bayerische Staatsbibliothek, Codex Graecus 427, folio 205, verso,"
urn:cite:bsb:cg427.206r,424,urn:cite:bsb:muncg427img.MunCG427_img424,recto,"Bayerische Staatsbibliothek, Codex Graecus 427, folio 206, recto,"
urn:cite:bsb:cg427.206v,425,urn:cite:bsb:muncg427img.MunCG427_img425,verso,"Bayerische Staatsbibliothek, Codex Graecus 427, folio 206, verso,"
urn:cite:bsb:cg427.207r,426,urn:cite:bsb:muncg427img.MunCG427_img426,recto,"Bayerische Staatsbibliothek, Codex Graecus 427, folio 207, recto,"
urn:cite:bsb:cg427.207v,427,urn:cite:bsb:muncg427img.MunCG427_img427,verso,"Bayerische Staatsbibliothek, Codex Graecus 427, folio 207, verso,"
urn:cite:bsb:cg427.208r,428,urn:cite:bsb:muncg427img.MunCG427_img428,recto,"Bayerische Staatsbibliothek, Codex Graecus 427,folio 208, recto,"
urn:cite:bsb:cg427.208v,429,urn:cite:bsb:muncg427img.MunCG427_img429,verso,"Bayerische Staatsbibliothek, Codex Graecus 427, folio 208, verso,"
urn:cite:bsb:cg427.209r,430,urn:cite:bsb:muncg427img.MunCG427_img430,recto,"Bayerische Staatsbibliothek, Codex Graecus 427, folio 209, recto,"
urn:cite:bsb:cg427.209v,431,urn:cite:bsb:muncg427img.MunCG427_img431,verso,"Bayerische Staatsbibliothek, Codex Graecus 427, folio 209, verso,"
urn:cite:bsb:cg427.210r,432,urn:cite:bsb:muncg427img.MunCG427_img432,recto,"Bayerische Staatsbibliothek, Codex Graecus 427, folio 210, recto,"
urn:cite:bsb:cg427.210v,433,urn:cite:bsb:muncg427img.MunCG427_img433,verso,"Bayerische Staatsbibliothek, Codex Graecus 427, folio 210, verso,"
urn:cite:bsb:cg427.211r,434,urn:cite:bsb:muncg427img.MunCG427_img434,recto,"Bayerische Staatsbibliothek, Codex Graecus 427, folio 211, recto,"
urn:cite:bsb:cg427.211v,435,urn:cite:bsb:muncg427img.MunCG427_img435,verso,"Bayerische Staatsbibliothek, Codex Graecus 427, folio 211, verso,"
urn:cite:bsb:cg427.212r,436,urn:cite:bsb:muncg427img.MunCG427_img436,recto,"Bayerische Staatsbibliothek, Codex Graecus 427, folio 212, recto,"
urn:cite:bsb:cg427.212v,437,urn:cite:bsb:muncg427img.MunCG427_img437,verso,"Bayerische Staatsbibliothek, Codex Graecus 427, folio 212, verso,"
urn:cite:bsb:cg427.213r,438,urn:cite:bsb:muncg427img.MunCG427_img438,recto,"Bayerische Staatsbibliothek, Codex Graecus 427, folio 213, recto,"
urn:cite:bsb:cg427.213v,439,urn:cite:bsb:muncg427img.MunCG427_img439,verso,"Bayerische Staatsbibliothek, Codex Graecus 427, folio 213, verso,"
urn:cite:bsb:cg427.214r,440,urn:cite:bsb:muncg427img.MunCG427_img440,recto,"Bayerische Staatsbibliothek, Codex Graecus 427, folio 214, recto,"
urn:cite:bsb:cg427.214v,441,urn:cite:bsb:muncg427img.MunCG427_img441,verso,"Bayerische Staatsbibliothek, Codex Graecus 427, folio 214, verso,"
urn:cite:bsb:cg427.215r,442,urn:cite:bsb:muncg427img.MunCG427_img442,recto,"Bayerische Staatsbibliothek, Codex Graecus 427, folio 215, recto,"
urn:cite:bsb:cg427.215v,443,urn:cite:bsb:muncg427img.MunCG427_img443,verso,"Bayerische Staatsbibliothek, Codex Graecus 427, folio 215, verso,"
urn:cite:bsb:cg427.216r,444,urn:cite:bsb:muncg427img.MunCG427_img444,recto,"Bayerische Staatsbibliothek, Codex Graecus 427, folio 216, recto,"
urn:cite:bsb:cg427.216v,445,urn:cite:bsb:muncg427img.MunCG427_img445,verso,"Bayerische Staatsbibliothek, Codex Graecus 427, folio 216, verso,"
urn:cite:bsb:cg427.217r,446,urn:cite:bsb:muncg427img.MunCG427_img446,recto,"Bayerische Staatsbibliothek, Codex Graecus 427, folio 217, recto,"
urn:cite:bsb:cg427.217v,447,urn:cite:bsb:muncg427img.MunCG427_img447,verso,"Bayerische Staatsbibliothek, Codex Graecus 427, folio 217, verso,"
urn:cite:bsb:cg427.218r,448,urn:cite:bsb:muncg427img.MunCG427_img448,recto,"Bayerische Staatsbibliothek, Codex Graecus 427, folio 218, recto,"
urn:cite:bsb:cg427.218v,449,urn:cite:bsb:muncg427img.MunCG427_img449,verso,"Bayerische Staatsbibliothek, Codex Graecus 427, folio 218, verso,"
urn:cite:bsb:cg427.219r,450,urn:cite:bsb:muncg427img.MunCG427_img450,recto,"Bayerische Staatsbibliothek, Codex Graecus 427, folio 219, recto,"
urn:cite:bsb:cg427.219v,451,urn:cite:bsb:muncg427img.MunCG427_img451,verso,"Bayerische Staatsbibliothek, Codex Graecus 427, folio 219, verso,"
urn:cite:bsb:cg427.220r,452,urn:cite:bsb:muncg427img.MunCG427_img452,recto,"Bayerische Staatsbibliothek, Codex Graecus 427, folio 220, recto,"
urn:cite:bsb:cg427.220v,453,urn:cite:bsb:muncg427img.MunCG427_img453,verso,"Bayerische Staatsbibliothek, Codex Graecus 427, folio 220, verso,"
urn:cite:bsb:cg427.221r,454,urn:cite:bsb:muncg427img.MunCG427_img454,recto,"Bayerische Staatsbibliothek, Codex Graecus 427, folio 221, recto,"
urn:cite:bsb:cg427.221v,455,urn:cite:bsb:muncg427img.MunCG427_img455,verso,"Bayerische Staatsbibliothek, Codex Graecus 427, folio 221, verso,"
urn:cite:bsb:cg427.222r,456,urn:cite:bsb:muncg427img.MunCG427_img456,recto,"Bayerische Staatsbibliothek, Codex Graecus 427, folio 222, recto,"
urn:cite:bsb:cg427.222v,457,urn:cite:bsb:muncg427img.MunCG427_img457,verso,"Bayerische Staatsbibliothek, Codex Graecus 427, folio 222, verso,"
urn:cite:bsb:cg427.223r,458,urn:cite:bsb:muncg427img.MunCG427_img458,recto,"Bayerische Staatsbibliothek, Codex Graecus 427, folio 223, recto,"
urn:cite:bsb:cg427.223v,459,urn:cite:bsb:muncg427img.MunCG427_img459,verso,"Bayerische Staatsbibliothek, Codex Graecus 427, folio 223, verso,"
urn:cite:bsb:cg427.224r,460,urn:cite:bsb:muncg427img.MunCG427_img460,recto,"Bayerische Staatsbibliothek, Codex Graecus 427, folio 224, recto,"
urn:cite:bsb:cg427.224v,461,urn:cite:bsb:muncg427img.MunCG427_img461,verso,"Bayerische Staatsbibliothek, Codex Graecus 427, folio 224, verso,"
urn:cite:bsb:cg427.225r,462,urn:cite:bsb:muncg427img.MunCG427_img462,recto,"Bayerische Staatsbibliothek, Codex Graecus 427, folio 225, recto,"
urn:cite:bsb:cg427.225v,463,urn:cite:bsb:muncg427img.MunCG427_img463,verso,"Bayerische Staatsbibliothek, Codex Graecus 427, folio 225, verso,"
urn:cite:bsb:cg427.226r,464,urn:cite:bsb:muncg427img.MunCG427_img464,recto,"Bayerische Staatsbibliothek, Codex Graecus 427, folio 226, recto,"
urn:cite:bsb:cg427.226v,465,urn:cite:bsb:muncg427img.MunCG427_img465,verso,"Bayerische Staatsbibliothek, Codex Graecus 427, folio 226, verso,"
urn:cite:bsb:cg427.227r,466,urn:cite:bsb:muncg427img.MunCG427_img466,recto,"Bayerische Staatsbibliothek, Codex Graecus 427, folio 227, recto,"
urn:cite:bsb:cg427.227v,467,urn:cite:bsb:muncg427img.MunCG427_img467,verso,"Bayerische Staatsbibliothek, Codex Graecus 427, folio 227, verso,"
urn:cite:bsb:cg427.228r,468,urn:cite:bsb:muncg427img.MunCG427_img468,recto,"Bayerische Staatsbibliothek, Codex Graecus 427, folio 228, recto,"
urn:cite:bsb:cg427.228v,469,urn:cite:bsb:muncg427img.MunCG427_img469,verso,"Bayerische Staatsbibliothek, Codex Graecus 427, folio 228, verso,"
urn:cite:bsb:cg427.229r,470,urn:cite:bsb:muncg427img.MunCG427_img470,recto,"Bayerische Staatsbibliothek, Codex Graecus 427, folio 229, recto,"
urn:cite:bsb:cg427.229v,471,urn:cite:bsb:muncg427img.MunCG427_img471,verso,"Bayerische Staatsbibliothek, Codex Graecus 427, folio 229, verso,"
urn:cite:bsb:cg427.230r,472,urn:cite:bsb:muncg427img.MunCG427_img472,recto,"Bayerische Staatsbibliothek, Codex Graecus 427, folio 230, recto,"
urn:cite:bsb:cg427.230v,473,urn:cite:bsb:muncg427img.MunCG427_img473,verso,"Bayerische Staatsbibliothek, Codex Graecus 427, folio 230, verso,"
urn:cite:bsb:cg427.231r,474,urn:cite:bsb:muncg427img.MunCG427_img474,recto,"Bayerische Staatsbibliothek, Codex Graecus 427, folio 231, recto,"
urn:cite:bsb:cg427.231v,475,urn:cite:bsb:muncg427img.MunCG427_img475,verso,"Bayerische Staatsbibliothek, Codex Graecus 427, folio 231, verso,"
urn:cite:bsb:cg427.232r,476,urn:cite:bsb:muncg427img.MunCG427_img476,recto,"Bayerische Staatsbibliothek, Codex Graecus 427, folio 232, recto,"
urn:cite:bsb:cg427.232v,477,urn:cite:bsb:muncg427img.MunCG427_img477,verso,"Bayerische Staatsbibliothek, Codex Graecus 427, folio 232, verso,"
urn:cite:bsb:cg427.233r,478,urn:cite:bsb:muncg427img.MunCG427_img478,recto,"Bayerische Staatsbibliothek, Codex Graecus 427, folio 233, recto,"
,,urn:cite:bsb:muncg427img.MunCG427_img479,,,
,,urn:cite:bsb:muncg427img.MunCG427_img480,,,
,,urn:cite:bsb:muncg427img.MunCG427_img481,,,
urn:cite:bsb:cg427.234r,482,urn:cite:bsb:muncg427img.MunCG427_img482,recto,"Bayerische Staatsbibliothek, Codex Graecus 427, folio 234, recto,"
,,urn:cite:bsb:muncg427img.MunCG427_img483,,,
,,urn:cite:bsb:muncg427img.MunCG427_img484,,,
,,urn:cite:bsb:muncg427img.MunCG427_img485,,,
,,urn:cite:bsb:muncg427img.MunCG427_img486,,,
,,urn:cite:bsb:muncg427img.MunCG427_img487,,,
,,urn:cite:bsb:muncg427img.MunCG427_img488,,,
,,urn:cite:bsb:muncg427img.MunCG427_img489,,,
,,urn:cite:bsb:muncg427img.MunCG427_img490,,,
,,urn:cite:bsb:muncg427img.MunCG427_img491,,,
,,urn:cite:bsb:muncg427img.MunCG427_img492,,,
,,urn:cite:bsb:muncg427img.MunCG427_img493,,,
,,urn:cite:bsb:muncg427img.MunCG427_img494,,,
,,urn:cite:bsb:muncg427img.MunCG427_img495,,,
urn:cite:bsb:cg427.241r,496,urn:cite:bsb:muncg427img.MunCG427_img496,recto,"Bayerische Staatsbibliothek, Codex Graecus 427, folio 241, recto,"
,,urn:cite:bsb:muncg427img.MunCG427_img497,,,
urn:cite:bsb:cg427.242r,498,urn:cite:bsb:muncg427img.MunCG427_img498,recto,"Bayerische Staatsbibliothek, Codex Graecus 427, folio 242, recto,"
,,urn:cite:bsb:muncg427img.MunCG427_img499,,,
urn:cite:bsb:cg427.243r,500,urn:cite:bsb:muncg427img.MunCG427_img500,recto,"Bayerische Staatsbibliothek, Codex Graecus 427, folio 243, recto,"
,,urn:cite:bsb:muncg427img.MunCG427_img501,,,
urn:cite:bsb:cg427.244r,502,urn:cite:bsb:muncg427img.MunCG427_img502,recto,"Bayerische Staatsbibliothek, Codex Graecus 427, folio 244, recto,"
,,urn:cite:bsb:muncg427img.MunCG427_img503,,,
